date,Country/Region,Confirmed,Deaths,Recovered,Latitude,Longitude,Active
2020-01-27,Ivory Coast,1,0,0,,,1
2020-02-14,Egypt,1,0,0,,,1
2020-02-15,Egypt,1,0,0,,,1
2020-02-16,Egypt,1,0,0,,,1
2020-02-17,Egypt,1,0,0,,,1
2020-02-18,Egypt,1,0,0,,,1
2020-02-19,Egypt,1,0,0,,,1
2020-02-20,Egypt,1,0,0,,,1
2020-02-21,Egypt,1,0,0,,,1
2020-02-22,Egypt,1,0,0,,,1
2020-02-23,Egypt,1,0,0,,,1
2020-02-24,Egypt,1,0,0,,,1
2020-02-25,Algeria,1,0,0,,,1
2020-02-25,Egypt,1,0,0,,,1
2020-02-26,Algeria,1,0,0,,,1
2020-02-26,Egypt,1,0,0,,,1
2020-02-27,Algeria,1,0,0,,,1
2020-02-27,Egypt,1,0,0,,,1
2020-02-28,Algeria,1,0,0,,,1
2020-02-28,Egypt,1,0,1,,,0
2020-02-28,Nigeria,1,0,0,,,1
2020-02-29,Algeria,1,0,0,,,1
2020-02-29,Egypt,1,0,1,,,0
2020-02-29,Nigeria,1,0,0,,,1
2020-03-01,Egypt,2,0,1,26.0,30.0,1
2020-03-01,Algeria,1,0,0,28.0339,1.6596,1
2020-03-01,Nigeria,1,0,0,9.082,8.6753,1
2020-03-02,Algeria,3,0,0,28.0339,1.6596,3
2020-03-02,Egypt,2,0,1,26.0,30.0,1
2020-03-02,Morocco,1,0,0,31.7917,-7.0926,1
2020-03-02,Nigeria,1,0,0,9.082,8.6753,1
2020-03-02,Senegal,1,0,0,14.4974,-14.4524,1
2020-03-03,Algeria,5,0,0,28.0339,1.6596,5
2020-03-03,Egypt,2,0,1,26.0,30.0,1
2020-03-03,Senegal,2,0,0,14.4974,-14.4524,2
2020-03-03,Morocco,1,0,0,31.7917,-7.0926,1
2020-03-03,Nigeria,1,0,0,9.082,8.6753,1
2020-03-04,Algeria,12,0,0,28.0339,1.6596,12
2020-03-04,Senegal,4,0,0,14.4974,-14.4524,4
2020-03-04,Egypt,2,0,1,26.0,30.0,1
2020-03-04,Morocco,1,0,0,31.7917,-7.0926,1
2020-03-04,Nigeria,1,0,0,9.082,8.6753,1
2020-03-04,Tunisia,1,0,0,34.0,9.0,1
2020-03-05,Algeria,12,0,0,28.0339,1.6596,12
2020-03-05,Senegal,4,0,0,14.4974,-14.4524,4
2020-03-05,Egypt,3,0,1,26.0,30.0,2
2020-03-05,Morocco,2,0,0,31.7917,-7.0926,2
2020-03-05,Nigeria,1,0,0,9.082,8.6753,1
2020-03-05,South Africa,1,0,0,-30.5595,22.9375,1
2020-03-05,Tunisia,1,0,0,34.0,9.0,1
2020-03-06,Algeria,17,0,0,28.0339,1.6596,17
2020-03-06,Egypt,15,0,1,26.0,30.0,14
2020-03-06,Senegal,4,0,0,14.4974,-14.4524,4
2020-03-06,Morocco,2,0,0,31.7917,-7.0926,2
2020-03-06,Cameroon,1,0,0,3.848,11.5021,1
2020-03-06,Nigeria,1,0,0,9.082,8.6753,1
2020-03-06,South Africa,1,0,0,-30.5595,22.9375,1
2020-03-06,Togo,1,0,0,8.6195,0.8248,1
2020-03-06,Tunisia,1,0,0,34.0,9.0,1
2020-03-07,Algeria,17,0,0,28.0339,1.6596,17
2020-03-07,Egypt,15,0,1,26.0,30.0,14
2020-03-07,Senegal,4,0,0,14.4974,-14.4524,4
2020-03-07,Morocco,2,0,0,31.7917,-7.0926,2
2020-03-07,Cameroon,1,0,0,3.848,11.5021,1
2020-03-07,Nigeria,1,0,0,9.082,8.6753,1
2020-03-07,South Africa,1,0,0,-30.5595,22.9375,1
2020-03-07,Togo,1,0,0,8.6195,0.8248,1
2020-03-07,Tunisia,1,0,0,34.0,9.0,1
2020-03-08,Egypt,49,1,1,26.0,30.0,47
2020-03-08,Algeria,19,0,0,28.0339,1.6596,19
2020-03-08,Senegal,4,0,1,14.4974,-14.4524,3
2020-03-08,South Africa,3,0,0,-30.5595,22.9375,3
2020-03-08,Cameroon,2,0,0,3.848,11.5021,2
2020-03-08,Morocco,2,0,0,31.7917,-7.0926,2
2020-03-08,Tunisia,2,0,0,33.8869,9.5375,2
2020-03-08,Nigeria,1,0,0,9.082,8.6753,1
2020-03-08,Togo,1,0,0,8.6195,0.8248,1
2020-03-09,Egypt,55,1,12,26.0,30.0,42
2020-03-09,Algeria,20,0,0,28.0339,1.6596,20
2020-03-09,Senegal,4,0,1,14.4974,-14.4524,3
2020-03-09,South Africa,3,0,0,-30.5595,22.9375,3
2020-03-09,Cameroon,2,0,0,3.848,11.5021,2
2020-03-09,Morocco,2,0,0,31.7917,-7.0926,2
2020-03-09,Nigeria,2,0,0,9.082,8.6753,2
2020-03-09,Tunisia,2,0,0,33.8869,9.5375,2
2020-03-09,Togo,1,0,0,8.6195,0.8248,1
2020-03-10,Egypt,59,1,1,26.0,30.0,57
2020-03-10,Algeria,20,0,0,28.0339,1.6596,20
2020-03-10,South Africa,7,0,0,-30.5595,22.9375,7
2020-03-10,Tunisia,5,0,0,33.8869,9.5375,5
2020-03-10,Senegal,4,0,1,14.4974,-14.4524,3
2020-03-10,Morocco,3,1,0,31.7917,-7.0926,2
2020-03-10,Cameroon,2,0,0,3.848,11.5021,2
2020-03-10,Nigeria,2,0,0,9.082,8.6753,2
2020-03-10,Burkina Faso,1,0,0,12.2383,-1.5616,1
2020-03-10,Togo,1,0,0,8.6195,0.8248,1
2020-03-11,Egypt,60,1,27,26.0,30.0,32
2020-03-11,Algeria,20,0,0,28.0339,1.6596,20
2020-03-11,South Africa,13,0,0,-30.5595,22.9375,13
2020-03-11,Tunisia,7,0,0,33.8869,9.5375,7
2020-03-11,Morocco,5,1,0,31.7917,-7.0926,4
2020-03-11,Senegal,4,0,1,14.4974,-14.4524,3
2020-03-11,Burkina Faso,2,0,0,12.2383,-1.5616,2
2020-03-11,Cameroon,2,0,0,3.848,11.5021,2
2020-03-11,Nigeria,2,0,0,9.082,8.6753,2
2020-03-11,Congo (Kinshasa),1,0,0,-4.0383,21.7587,1
2020-03-11,Togo,1,0,0,8.6195,0.8248,1
2020-03-12,Egypt,67,1,27,26.0,30.0,39
2020-03-12,Algeria,24,1,8,28.0339,1.6596,15
2020-03-12,South Africa,17,0,0,-30.5595,22.9375,17
2020-03-12,Tunisia,7,0,0,33.8869,9.5375,7
2020-03-12,Morocco,6,1,0,31.7917,-7.0926,5
2020-03-12,Senegal,4,0,1,14.4974,-14.4524,3
2020-03-12,Burkina Faso,2,0,0,12.2383,-1.5616,2
2020-03-12,Cameroon,2,0,0,3.848,11.5021,2
2020-03-12,Nigeria,2,0,0,9.082,8.6753,2
2020-03-12,Congo (Kinshasa),1,0,0,-4.0383,21.7587,1
2020-03-12,Togo,1,0,0,8.6195,0.8248,1
2020-03-13,Burkina Faso,2,0,0,12.2383,-1.5616,2
2020-03-13,Congo (Kinshasa),2,0,0,-4.0383,21.7587,2
2020-03-13,Algeria,26,2,8,28.0339,1.6596,16
2020-03-13,Nigeria,2,0,0,9.082,8.6753,2
2020-03-13,Egypt,80,2,27,26.8206,30.8025,51
2020-03-13,Senegal,10,0,1,14.4974,-14.4524,9
2020-03-13,Ethiopia,1,0,0,9.145,40.4897,1
2020-03-13,Sudan,1,1,0,12.8628,30.2176,0
2020-03-13,Guinea,1,0,0,9.9456,-9.6966,1
2020-03-13,Morocco,7,1,1,31.7917,-7.0926,5
2020-03-13,Kenya,1,0,0,-0.0236,37.9062,1
2020-03-13,South Africa,24,0,0,-30.5595,22.9375,24
2020-03-13,Cameroon,2,0,0,3.8480000000000003,11.5021,2
2020-03-13,Togo,1,0,0,8.6195,0.8248,1
2020-03-13,Tunisia,16,0,0,33.8869,9.5375,16
2020-03-14,Egypt,109,2,27,26.8206,30.8025,80
2020-03-14,South Africa,38,0,0,-30.5595,22.9375,38
2020-03-14,Algeria,37,3,12,28.0339,1.6596,22
2020-03-14,Tunisia,18,0,0,33.8869,9.5375,18
2020-03-14,Morocco,17,1,1,31.7917,-7.0926,15
2020-03-14,Senegal,10,0,1,14.4974,-14.4524,9
2020-03-14,Ghana,3,0,0,7.9465,-1.0232,3
2020-03-14,Burkina Faso,2,0,0,12.2383,-1.5616,2
2020-03-14,Cameroon,2,0,0,3.848,11.5021,2
2020-03-14,Congo (Kinshasa),2,0,0,-4.0383,21.7587,2
2020-03-14,Namibia,2,0,0,-22.9576,18.4904,2
2020-03-14,Nigeria,2,0,0,9.082,8.6753,2
2020-03-14,Seychelles,2,0,0,-4.6796,55.492,2
2020-03-14,Eswatini,1,0,0,-26.5225,31.4659,1
2020-03-14,Ethiopia,1,0,0,9.145,40.4897,1
2020-03-14,Gabon,1,0,0,-0.8037,11.6094,1
2020-03-14,Guinea,1,0,0,9.9456,-9.6966,1
2020-03-14,Kenya,1,0,0,-0.0236,37.9062,1
2020-03-14,Mauritania,1,0,0,21.0079,10.9408,1
2020-03-14,Rwanda,1,0,0,-1.9403,29.8739,1
2020-03-14,Sudan,1,1,0,12.8628,30.2176,0
2020-03-14,Togo,1,0,0,8.6195,0.8248,1
2020-03-15,Egypt,110,2,21,26.8206,30.8025,87
2020-03-15,South Africa,51,0,0,-30.5595,22.9375,51
2020-03-15,Algeria,48,4,12,28.0339,1.6596,32
2020-03-15,Morocco,28,1,1,31.7917,-7.0926,26
2020-03-15,Tunisia,18,0,0,33.8869,9.5375,18
2020-03-15,Senegal,24,0,1,14.4974,-14.4524,23
2020-03-15,Ghana,6,0,0,7.9465,-1.0232,6
2020-03-15,Burkina Faso,3,0,0,12.2383,-1.5616,3
2020-03-15,Cameroon,2,0,0,3.8480000000000003,11.5021,2
2020-03-15,Congo (Kinshasa),2,0,0,-4.0383,21.7587,2
2020-03-15,Namibia,2,0,0,-22.9576,18.4904,2
2020-03-15,Nigeria,2,0,0,9.082,8.6753,2
2020-03-15,Seychelles,2,0,0,-4.6796,55.492,2
2020-03-15,Central African Republic,1,0,0,6.6111,20.9394,1
2020-03-15,Congo (Brazzaville),1,0,0,-4.0383,21.7587,1
2020-03-15,Equatorial Guinea,1,0,0,1.5,10.0,1
2020-03-15,Eswatini,1,0,0,-26.5225,31.4659,1
2020-03-15,Ethiopia,1,0,0,9.145,40.4897,1
2020-03-15,Gabon,1,0,0,-0.8037,11.6094,1
2020-03-15,Guinea,1,0,0,9.9456,-9.6966,1
2020-03-15,Kenya,3,0,0,-0.0236,37.9062,3
2020-03-15,Mauritania,1,0,0,21.0079,-10.9408,1
2020-03-15,Rwanda,1,0,0,-1.9403,29.8739,1
2020-03-15,Sudan,1,1,0,12.8628,30.2176,0
2020-03-15,Togo,1,0,0,8.6195,0.8248,1
2020-03-16,Egypt,150,2,27,26.8206,30.8025,121
2020-03-16,South Africa,62,0,0,-30.5595,22.9375,62
2020-03-16,Algeria,54,4,12,28.0339,1.6596,38
2020-03-16,Morocco,29,1,1,31.7917,-7.0926,27
2020-03-16,Senegal,24,0,2,14.4974,-14.4524,22
2020-03-16,Tunisia,20,0,0,33.8869,9.5375,20
2020-03-16,Burkina Faso,15,0,0,12.2383,-1.5616,15
2020-03-16,Ghana,6,0,0,7.9465,-1.0232,6
2020-03-16,Ethiopia,5,0,0,9.145,40.4897,5
2020-03-16,Rwanda,5,0,0,-1.9403,29.8739,5
2020-03-16,Cameroon,4,0,0,3.848,11.5021,4
2020-03-16,Kenya,3,0,0,-0.0236,37.9062,3
2020-03-16,Seychelles,3,0,0,-4.6796,55.492,3
2020-03-16,Congo (Kinshasa),2,0,0,-4.0383,21.7587,2
2020-03-16,Namibia,2,0,0,-22.9576,18.4904,2
2020-03-16,Nigeria,2,0,0,9.082,8.6753,2
2020-03-16,Benin,1,0,0,9.3077,2.3158,1
2020-03-16,Central African Republic,1,0,0,6.6111,20.9394,1
2020-03-16,Congo (Brazzaville),1,0,0,-0.228,15.8277,1
2020-03-16,Equatorial Guinea,1,0,0,1.5,10.0,1
2020-03-16,Eswatini,1,0,0,-26.5225,31.4659,1
2020-03-16,Gabon,1,0,0,-0.8037,11.6094,1
2020-03-16,Guinea,1,0,0,9.9456,-9.6966,1
2020-03-16,Liberia,1,0,0,6.4281,-9.4295,1
2020-03-16,Mauritania,1,0,0,21.0079,-10.9408,1
2020-03-16,Republic of the Congo,1,0,0,-1.44,15.556,1
2020-03-16,Somalia,1,0,0,5.1521,46.1996,1
2020-03-16,Sudan,1,1,0,12.8628,30.2176,0
2020-03-16,Tanzania,1,0,0,-6.369,34.8888,1
2020-03-16,Togo,1,0,0,8.6195,0.8248,1
2020-03-17,Egypt,196,4,32,26.8206,30.8025,160
2020-03-17,South Africa,62,0,0,-30.5595,22.9375,62
2020-03-17,Algeria,60,4,12,28.0339,1.6596,44
2020-03-17,Morocco,38,2,1,31.7917,-7.0926,35
2020-03-17,Senegal,26,0,2,14.4974,-14.4524,24
2020-03-17,Tunisia,24,0,0,33.8869,9.5375,24
2020-03-17,Burkina Faso,15,0,0,12.2383,-1.5616,15
2020-03-17,Cameroon,10,0,0,3.848,11.5021,10
2020-03-17,Ghana,7,0,0,7.9465,-1.0232,7
2020-03-17,Rwanda,7,0,0,-1.9403,29.8739,7
2020-03-17,Ethiopia,5,0,0,9.145,40.4897,5
2020-03-17,Seychelles,4,0,0,-4.6796,55.492,4
2020-03-17,Congo (Kinshasa),3,0,0,-4.0383,21.7587,3
2020-03-17,Kenya,3,0,0,-0.0236,37.9062,3
2020-03-17,Nigeria,3,0,0,9.082,8.6753,3
2020-03-17,Namibia,2,0,0,-22.9576,18.4904,2
2020-03-17,Benin,1,0,0,9.3077,2.3158,1
2020-03-17,Central African Republic,1,0,0,6.6111,20.9394,1
2020-03-17,Congo (Brazzaville),1,0,0,-0.228,15.8277,1
2020-03-17,Equatorial Guinea,1,0,0,1.5,10.0,1
2020-03-17,Eswatini,1,0,0,-26.5225,31.4659,1
2020-03-17,Gabon,1,0,0,-0.8037,11.6094,1
2020-03-17,Guinea,1,0,0,9.9456,-9.6966,1
2020-03-17,Liberia,1,0,0,6.4281,-9.4295,1
2020-03-17,Mauritania,1,0,0,21.0079,-10.9408,1
2020-03-17,Somalia,1,0,0,5.1521,46.1996,1
2020-03-17,Sudan,1,1,0,12.8628,30.2176,0
2020-03-17,Tanzania,1,0,0,-6.369,34.8888,1
2020-03-17,Togo,1,0,0,8.6195,0.8248,1
2020-03-17,Republic of the Congo,0,0,0,-1.44,15.556,0
2020-03-18,Egypt,196,6,32,26.8206,30.8025,158
2020-03-18,South Africa,116,0,0,-30.5595,22.9375,116
2020-03-18,Algeria,74,7,12,28.0339,1.6596,55
2020-03-18,Morocco,49,2,1,31.7917,-7.0926,46
2020-03-18,Senegal,31,0,2,14.4974,-14.4524,29
2020-03-18,Tunisia,29,0,0,33.8869,9.5375,29
2020-03-18,Burkina Faso,20,1,0,12.2383,-1.5616,19
2020-03-18,Cameroon,10,0,0,3.848,11.5021,10
2020-03-18,Nigeria,8,0,1,9.082,8.6753,7
2020-03-18,Rwanda,8,0,0,-1.9403,29.8739,8
2020-03-18,Ghana,7,0,0,7.9465,-1.0232,7
2020-03-18,Ethiopia,6,0,0,9.145,40.4897,6
2020-03-18,Congo (Kinshasa),4,0,0,-4.0383,21.7587,4
2020-03-18,Equatorial Guinea,4,0,0,1.6508,10.2679,4
2020-03-18,Seychelles,4,0,0,-4.6796,55.492,4
2020-03-18,Kenya,3,0,0,-0.0236,37.9062,3
2020-03-18,Mauritius,3,0,0,-20.2,57.5,3
2020-03-18,Tanzania,3,0,0,-6.369,34.8888,3
2020-03-18,Benin,2,0,0,9.3077,2.3158,2
2020-03-18,Liberia,2,0,0,6.4281,-9.4295,2
2020-03-18,Namibia,2,0,0,-22.9576,18.4904,2
2020-03-18,Sudan,2,1,0,12.8628,30.2176,1
2020-03-18,Zambia,2,0,0,-15.4167,28.2833,2
2020-03-18,Central African Republic,1,0,0,6.6111,20.9394,1
2020-03-18,Congo (Brazzaville),1,0,0,-0.228,15.8277,1
2020-03-18,Djibouti,1,0,0,11.8251,42.5903,1
2020-03-18,Eswatini,1,0,0,-26.5225,31.4659,1
2020-03-18,Gabon,1,0,0,-0.8037,11.6094,1
2020-03-18,"Gambia, The",1,0,0,13.4432,-15.3101,1
2020-03-18,Guinea,1,0,0,9.9456,-9.6966,1
2020-03-18,Mauritania,1,0,0,21.0079,-10.9408,1
2020-03-18,Somalia,1,0,0,5.1521,46.1996,1
2020-03-18,Togo,1,0,0,8.6195,0.8248,1
2020-03-18,Republic of the Congo,0,0,0,-1.44,15.556,0
2020-03-19,Egypt,256,6,32,26.8206,30.8025,218
2020-03-19,South Africa,150,0,0,-30.5595,22.9375,150
2020-03-19,Algeria,87,9,32,28.0339,1.6596,46
2020-03-19,Morocco,63,2,1,31.7917,-7.0926,60
2020-03-19,Tunisia,39,1,0,33.8869,9.5375,38
2020-03-19,Burkina Faso,33,1,0,12.2383,-1.5616,32
2020-03-19,Senegal,31,0,2,14.4974,-14.4524,29
2020-03-19,Congo (Kinshasa),14,0,0,-4.0383,21.7587,14
2020-03-19,Cameroon,13,0,0,3.848,11.5021,13
2020-03-19,Ghana,11,0,0,7.9465,-1.0232,11
2020-03-19,Nigeria,8,0,1,9.082,8.6753,7
2020-03-19,Rwanda,8,0,0,-1.9403,29.8739,8
2020-03-19,Kenya,7,0,0,-0.0236,37.9062,7
2020-03-19,Equatorial Guinea,6,0,0,1.6508,10.2679,6
2020-03-19,Ethiopia,6,0,0,9.145,40.4897,6
2020-03-19,Seychelles,6,0,0,-4.6796,55.492,6
2020-03-19,Tanzania,6,0,0,-6.369,34.8888,6
2020-03-19,Congo (Brazzaville),3,0,0,-0.228,15.8277,3
2020-03-19,Mauritius,3,0,0,-20.3484,57.5522,3
2020-03-19,Namibia,3,0,0,-22.9576,18.4904,3
2020-03-19,Benin,2,0,0,9.3077,2.3158,2
2020-03-19,Liberia,2,0,0,6.4281,-9.4295,2
2020-03-19,Mauritania,2,0,0,21.0079,-10.9408,2
2020-03-19,Sudan,2,1,0,12.8628,30.2176,1
2020-03-19,Zambia,2,0,0,-13.1339,27.8493,2
2020-03-19,Central African Republic,1,0,0,6.6111,20.9394,1
2020-03-19,Chad,1,0,0,15.4542,18.7322,1
2020-03-19,Djibouti,1,0,0,11.8251,42.5903,1
2020-03-19,Eswatini,1,0,0,-26.5225,31.4659,1
2020-03-19,Gabon,1,0,0,-0.8037,11.6094,1
2020-03-19,"Gambia, The",1,0,0,13.4432,-15.3101,1
2020-03-19,Guinea,1,0,0,9.9456,-9.6966,1
2020-03-19,Somalia,1,0,0,5.1521,46.1996,1
2020-03-19,Togo,1,0,0,8.6195,0.8248,1
2020-03-19,Republic of the Congo,0,0,0,-1.44,15.556,0
2020-03-20,Egypt,285,8,39,26.8206,30.8025,238
2020-03-20,South Africa,202,0,0,-30.5595,22.9375,202
2020-03-20,Algeria,90,11,32,28.0339,1.6596,47
2020-03-20,Morocco,77,3,1,31.7917,-7.0926,73
2020-03-20,Tunisia,54,1,0,33.8869,9.5375,53
2020-03-20,Burkina Faso,40,1,0,12.2383,-1.5616,39
2020-03-20,Senegal,38,0,2,14.4974,-14.4524,36
2020-03-20,Cameroon,20,0,0,3.848,11.5021,20
2020-03-20,Congo (Kinshasa),18,0,0,-4.0383,21.7587,18
2020-03-20,Rwanda,17,0,0,-1.9403,29.8739,17
2020-03-20,Ghana,16,0,0,7.9465,-1.0232,16
2020-03-20,Mauritius,12,0,0,-20.3484,57.5522,12
2020-03-20,Nigeria,12,0,1,9.082,8.6753,11
2020-03-20,Ethiopia,9,0,0,9.145,40.4897,9
2020-03-20,Togo,9,0,1,8.6195,0.8248,8
2020-03-20,Kenya,7,0,0,-0.0236,37.9062,7
2020-03-20,Seychelles,7,0,0,-4.6796,55.492,7
2020-03-20,Equatorial Guinea,6,0,0,1.6508,10.2679,6
2020-03-20,Tanzania,6,0,0,-6.369,34.8888,6
2020-03-20,Central African Republic,3,0,0,6.6111,20.9394,3
2020-03-20,Congo (Brazzaville),3,0,0,-0.228,15.8277,3
2020-03-20,Gabon,3,1,0,-0.8037,11.6094,2
2020-03-20,Madagascar,3,0,0,-18.7669,46.8691,3
2020-03-20,Namibia,3,0,0,-22.9576,18.4904,3
2020-03-20,Benin,2,0,0,9.3077,2.3158,2
2020-03-20,Liberia,2,0,0,6.4281,-9.4295,2
2020-03-20,Mauritania,2,0,0,21.0079,-10.9408,2
2020-03-20,Sudan,2,1,0,12.8628,30.2176,1
2020-03-20,Zambia,2,0,0,-13.1339,27.8493,2
2020-03-20,Angola,1,0,0,-11.2027,17.8739,1
2020-03-20,Cabo Verde,1,0,0,16.5388,-23.0418,1
2020-03-20,Chad,1,0,0,15.4542,18.7322,1
2020-03-20,Djibouti,1,0,0,11.8251,42.5903,1
2020-03-20,Eswatini,1,0,0,-26.5225,31.4659,1
2020-03-20,"Gambia, The",1,0,0,13.4432,-15.3101,1
2020-03-20,Guinea,1,0,0,9.9456,-9.6966,1
2020-03-20,Niger,1,0,0,17.6078,8.0817,1
2020-03-20,Somalia,1,0,0,5.1521,46.1996,1
2020-03-20,Zimbabwe,1,0,0,-20.0,30.0,1
2020-03-20,Republic of the Congo,0,0,0,-1.44,15.556,0
2020-03-21,Egypt,294,10,41,26.8206,30.8025,243
2020-03-21,South Africa,240,0,0,-30.5595,22.9375,240
2020-03-21,Algeria,139,15,32,28.0339,1.6596,92
2020-03-21,Morocco,96,3,3,31.7917,-7.0926,90
2020-03-21,Burkina Faso,64,2,5,12.2383,-1.5616,57
2020-03-21,Tunisia,60,1,0,33.8869,9.5375,59
2020-03-21,Senegal,47,0,5,14.4974,-14.4524,42
2020-03-21,Cameroon,27,0,0,3.8480000000000003,11.5021,27
2020-03-21,Congo (Kinshasa),23,1,0,-4.0383,21.7587,22
2020-03-21,Nigeria,22,0,1,9.082,8.6753,21
2020-03-21,Ghana,19,1,0,7.9465,-1.0232,18
2020-03-21,Rwanda,17,0,0,-1.9403,29.8739,17
2020-03-21,Togo,16,0,1,8.6195,0.8248,15
2020-03-21,Mauritius,14,1,0,-20.3484,57.5522,13
2020-03-21,Ethiopia,9,0,0,9.145,40.4897,9
2020-03-21,Kenya,7,0,0,-0.0236,37.9062,7
2020-03-21,Seychelles,7,0,0,-4.6796,55.492,7
2020-03-21,Equatorial Guinea,6,0,0,1.6508,10.2679,6
2020-03-21,Tanzania,6,0,0,-6.369,34.8888,6
2020-03-21,Gabon,4,1,0,-0.8037,11.6094,3
2020-03-21,Cabo Verde,3,0,0,16.5388,-23.0418,3
2020-03-21,Central African Republic,3,0,0,6.6111,20.9394,3
2020-03-21,Congo (Brazzaville),3,0,0,-0.228,15.8277,3
2020-03-21,Liberia,3,0,0,6.4281,-9.4295,3
2020-03-21,Madagascar,3,0,0,-18.7669,46.8691,3
2020-03-21,Namibia,3,0,0,-22.9576,18.4904,3
2020-03-21,Zimbabwe,3,0,0,-19.0154,29.1549,3
2020-03-21,Angola,2,0,0,-11.2027,17.8739,2
2020-03-21,Benin,2,0,0,9.3077,2.3158,2
2020-03-21,Guinea,2,0,0,9.9456,-9.6966,2
2020-03-21,Mauritania,2,0,0,21.0079,-10.9408,2
2020-03-21,Sudan,2,1,0,12.8628,30.2176,1
2020-03-21,Zambia,2,0,0,-13.1339,27.8493,2
2020-03-21,Chad,1,0,0,15.4542,18.7322,1
2020-03-21,Djibouti,1,0,0,11.8251,42.5903,1
2020-03-21,Eritrea,1,0,0,15.1794,39.7823,1
2020-03-21,Eswatini,1,0,0,-26.5225,31.4659,1
2020-03-21,"Gambia, The",1,0,0,13.4432,-15.3101,1
2020-03-21,Niger,1,0,0,17.6078,8.0817,1
2020-03-21,Somalia,1,0,0,5.1521,46.1996,1
2020-03-21,Uganda,1,0,0,1.0,32.0,1
2020-03-21,Republic of the Congo,0,0,0,-1.44,15.556,0
2020-03-22,Egypt,327,14,56,26.820553000000004,30.802497999999996,257
2020-03-22,South Africa,274,0,2,-30.5595,22.9375,272
2020-03-22,Algeria,201,17,65,28.0339,1.6596,119
2020-03-22,Morocco,115,4,3,31.7917,-7.0926,108
2020-03-22,Burkina Faso,75,4,5,12.2383,-1.5616,66
2020-03-22,Tunisia,75,3,1,33.886917,9.537499,71
2020-03-22,Senegal,67,0,5,14.4974,-14.4524,62
2020-03-22,Cameroon,40,0,2,3.8480000000000003,11.5021,38
2020-03-22,Congo (Kinshasa),30,1,0,-4.322447,15.307045,29
2020-03-22,Nigeria,30,0,2,9.082,8.6753,28
2020-03-22,Mauritius,28,2,0,-20.348404000000002,57.552152,26
2020-03-22,Ghana,23,1,0,7.9465,-1.0232,22
2020-03-22,Rwanda,19,0,0,-1.9403,29.8739,19
2020-03-22,Togo,16,0,0,8.6195,0.8248,16
2020-03-22,Kenya,15,0,0,-0.0236,37.9062,15
2020-03-22,Tanzania,12,0,0,-6.369028,34.888822,12
2020-03-22,Ethiopia,11,0,0,9.145,40.4897,11
2020-03-22,Seychelles,7,0,0,-4.6796,55.492,7
2020-03-22,Equatorial Guinea,6,0,0,1.6508,10.2679,6
2020-03-22,Gabon,5,1,0,-0.8037,11.6094,4
2020-03-22,Eswatini,4,0,0,-26.5225,31.4659,4
2020-03-22,Cabo Verde,3,0,0,16.5388,-23.0418,3
2020-03-22,Central African Republic,3,0,0,6.6111,20.9394,3
2020-03-22,Congo (Brazzaville),3,0,0,-4.2634,15.2832,3
2020-03-22,Liberia,3,0,0,6.4280550000000005,-9.429499,3
2020-03-22,Madagascar,3,0,0,-18.766947000000002,46.869107,3
2020-03-22,Namibia,3,0,0,-22.9576,18.4904,3
2020-03-22,Zambia,3,0,0,-13.133897,27.849332,3
2020-03-22,Zimbabwe,3,0,0,-19.015438,29.154857,3
2020-03-22,Sudan,2,1,0,12.8628,30.2176,1
2020-03-22,Angola,2,0,0,-11.2027,17.8739,2
2020-03-22,Benin,2,0,0,9.3077,2.3158,2
2020-03-22,Guinea,2,0,0,9.9456,-9.6966,2
2020-03-22,Mauritania,2,0,0,21.0079,10.9408,2
2020-03-22,Niger,2,0,0,17.607789,8.081666,2
2020-03-22,Chad,1,0,0,15.4542,18.7322,1
2020-03-22,Djibouti,1,0,0,11.8251,42.5903,1
2020-03-22,Eritrea,1,0,0,15.1794,39.7823,1
2020-03-22,Gambia,1,0,0,13.4432,-15.3101,1
2020-03-22,Mozambique,1,0,0,-18.665695,35.529562,1
2020-03-22,Somalia,1,0,0,5.152149,46.199616,1
2020-03-22,Uganda,1,0,0,1.373333,32.290275,1
2020-03-23,Algeria,230,17,65,28.0339,1.6596,148
2020-03-23,Angola,3,0,0,-11.2027,17.8739,3
2020-03-23,Benin,5,0,0,9.3077,2.3158,5
2020-03-23,Burkina Faso,99,4,5,12.2383,-1.5616,90
2020-03-23,Cabo Verde,3,0,0,16.5388,-23.0418,3
2020-03-23,Cameroon,56,0,2,3.848,11.5021,54
2020-03-23,Central African Republic,3,0,0,6.6111,20.9394,3
2020-03-23,Chad,1,0,0,15.4542,18.7322,1
2020-03-23,Congo (Brazzaville),4,0,0,-4.2634,15.2832,4
2020-03-23,Congo (Kinshasa),36,1,0,-4.322447,15.307045,35
2020-03-23,Djibouti,3,0,0,11.8251,42.5903,3
2020-03-23,Egypt,366,19,68,26.820553000000004,30.802498,279
2020-03-23,Equatorial Guinea,9,0,0,1.6508,10.2679,9
2020-03-23,Eritrea,1,0,0,15.1794,39.7823,1
2020-03-23,Eswatini,4,0,0,-26.5225,31.4659,4
2020-03-23,Ethiopia,11,0,0,9.145,40.4897,11
2020-03-23,Gabon,5,1,0,-0.8037,11.6094,4
2020-03-23,Gambia,2,1,0,13.4432,-15.3101,1
2020-03-23,Ghana,27,2,0,7.9465,-1.0232,25
2020-03-23,Guinea,4,0,0,9.9456,-9.6966,4
2020-03-23,Kenya,16,0,0,-0.0236,37.9062,16
2020-03-23,Liberia,3,0,0,6.4280550000000005,-9.429499,3
2020-03-23,Madagascar,12,0,0,-18.766947,46.869107,12
2020-03-23,Mauritania,2,0,0,21.0079,-10.9408,2
2020-03-23,Mauritius,36,2,0,-20.348404,57.552152,34
2020-03-23,Morocco,143,4,5,31.7917,-7.0926,134
2020-03-23,Mozambique,1,0,0,-18.665695,35.529562,1
2020-03-23,Namibia,4,0,0,-22.9576,18.4904,4
2020-03-23,Niger,3,0,0,17.607789,8.081666,3
2020-03-23,Nigeria,40,1,2,9.082,8.6753,37
2020-03-23,Rwanda,36,0,0,-1.9403,29.8739,36
2020-03-23,Senegal,79,0,8,14.4974,-14.4524,71
2020-03-23,Seychelles,7,0,0,-4.6796,55.492,7
2020-03-23,Somalia,1,0,0,5.152149,46.199616,1
2020-03-23,South Africa,402,0,4,-30.5595,22.9375,398
2020-03-23,Sudan,2,1,0,12.8628,30.2176,1
2020-03-23,Tanzania,12,0,0,-6.369028,34.888822,12
2020-03-23,Togo,18,0,0,8.6195,0.8248,18
2020-03-23,Tunisia,89,3,1,33.886917,9.537499,85
2020-03-23,Uganda,9,0,0,1.373333,32.290275,9
2020-03-23,Zambia,3,0,0,-13.133897,27.849332,3
2020-03-23,Zimbabwe,3,1,0,-19.015438,29.154857,2
2020-03-24,Algeria,264,19,24,28.0339,1.6596,221
2020-03-24,Angola,3,0,0,-11.2027,17.8739,3
2020-03-24,Benin,6,0,0,9.3077,2.3158,6
2020-03-24,Burkina Faso,114,4,7,12.2383,-1.5616,103
2020-03-24,Cabo Verde,3,1,0,16.5388,-23.0418,2
2020-03-24,Cameroon,66,0,2,3.848,11.5021,64
2020-03-24,Central African Republic,3,0,0,6.6111,20.9394,3
2020-03-24,Chad,3,0,0,15.4542,18.7322,3
2020-03-24,Congo (Brazzaville),4,0,0,-4.2634,15.2832,4
2020-03-24,Congo (Kinshasa),45,2,0,-4.322447,15.307045,43
2020-03-24,Djibouti,3,0,0,11.8251,42.5903,3
2020-03-24,Egypt,402,20,80,26.820553000000004,30.802498,302
2020-03-24,Equatorial Guinea,9,0,0,1.6508,10.2679,9
2020-03-24,Eritrea,1,0,0,15.1794,39.7823,1
2020-03-24,Eswatini,4,0,0,-26.5225,31.4659,4
2020-03-24,Ethiopia,12,0,0,9.145,40.4897,12
2020-03-24,Gabon,6,1,0,-0.8037,11.6094,5
2020-03-24,Gambia,3,1,0,13.4432,-15.3101,2
2020-03-24,Ghana,53,2,0,7.9465,-1.0232,51
2020-03-24,Guinea,4,0,0,9.9456,-9.6966,4
2020-03-24,Kenya,25,0,0,-0.0236,37.9062,25
2020-03-24,Liberia,3,0,0,6.4280550000000005,-9.429499,3
2020-03-24,Libya,1,0,0,26.3351,17.228331,1
2020-03-24,Madagascar,17,0,0,-18.766947,46.869107,17
2020-03-24,Mauritania,2,0,0,21.0079,-10.9408,2
2020-03-24,Mauritius,42,2,0,-20.348404,57.552152,40
2020-03-24,Morocco,170,5,6,31.7917,-7.0926,159
2020-03-24,Mozambique,3,0,0,-18.665695,35.529562,3
2020-03-24,Namibia,7,0,2,-22.9576,18.4904,5
2020-03-24,Niger,3,0,0,17.607789,8.081666,3
2020-03-24,Nigeria,44,1,2,9.082,8.6753,41
2020-03-24,Rwanda,40,0,0,-1.9403,29.8739,40
2020-03-24,Senegal,86,0,8,14.4974,-14.4524,78
2020-03-24,Seychelles,7,0,0,-4.6796,55.492,7
2020-03-24,Somalia,1,0,0,5.152149,46.199616,1
2020-03-24,South Africa,554,0,4,-30.5595,22.9375,550
2020-03-24,Sudan,3,1,0,12.8628,30.2176,2
2020-03-24,Tanzania,12,0,0,-6.369028,34.888822,12
2020-03-24,Togo,20,0,1,8.6195,0.8248,19
2020-03-24,Tunisia,114,4,1,33.886917,9.537499,109
2020-03-24,Uganda,9,0,0,1.373333,32.290275,9
2020-03-24,Zambia,3,0,0,-13.133897,27.849332,3
2020-03-24,Zimbabwe,3,1,0,-19.015438,29.154857,2
2020-03-25,Algeria,302,21,65,28.0339,1.6596,216
2020-03-25,Angola,3,0,0,-11.2027,17.8739,3
2020-03-25,Benin,6,0,0,9.3077,2.3158,6
2020-03-25,Burkina Faso,146,4,10,12.2383,-1.5616,132
2020-03-25,Cabo Verde,4,1,0,16.5388,-23.0418,3
2020-03-25,Cameroon,75,1,2,3.848,11.5021,72
2020-03-25,Central African Republic,3,0,0,6.6111,20.9394,3
2020-03-25,Chad,3,0,0,15.4542,18.7322,3
2020-03-25,Congo (Brazzaville),4,0,0,-4.2634,15.2832,4
2020-03-25,Congo (Kinshasa),48,2,0,-4.322447,15.307045,46
2020-03-25,Djibouti,11,0,0,11.8251,42.5903,11
2020-03-25,Egypt,456,21,95,26.820553000000004,30.802498,340
2020-03-25,Equatorial Guinea,9,0,0,1.6508,10.2679,9
2020-03-25,Eritrea,4,0,0,15.1794,39.7823,4
2020-03-25,Eswatini,4,0,0,-26.5225,31.4659,4
2020-03-25,Ethiopia,12,0,0,9.145,40.4897,12
2020-03-25,Gabon,6,1,0,-0.8037,11.6094,5
2020-03-25,Gambia,3,1,0,13.4432,-15.3101,2
2020-03-25,Ghana,93,4,0,7.9465,-1.0232,89
2020-03-25,Guinea,4,0,0,9.9456,-9.6966,4
2020-03-25,Guinea-Bissau,2,0,0,11.8037,-15.1804,2
2020-03-25,Kenya,28,0,1,-0.0236,37.9062,27
2020-03-25,Liberia,3,0,0,6.4280550000000005,-9.429499,3
2020-03-25,Libya,1,0,0,26.3351,17.228331,1
2020-03-25,Madagascar,19,0,0,-18.766947,46.869107,19
2020-03-25,Mali,2,0,0,17.570692,-3.996166000000001,2
2020-03-25,Mauritania,2,0,0,21.0079,-10.9408,2
2020-03-25,Mauritius,48,2,0,-20.348404,57.552152,46
2020-03-25,Morocco,225,6,7,31.7917,-7.0926,212
2020-03-25,Mozambique,5,0,0,-18.665695,35.529562,5
2020-03-25,Namibia,7,0,2,-22.9576,18.4904,5
2020-03-25,Niger,7,1,0,17.607789,8.081666,6
2020-03-25,Nigeria,51,1,2,9.082,8.6753,48
2020-03-25,Rwanda,41,0,0,-1.9403,29.8739,41
2020-03-25,Senegal,99,0,9,14.4974,-14.4524,90
2020-03-25,Seychelles,7,0,0,-4.6796,55.492,7
2020-03-25,Somalia,1,0,0,5.152149,46.199616,1
2020-03-25,South Africa,709,0,12,-30.5595,22.9375,697
2020-03-25,Sudan,3,1,0,12.8628,30.2176,2
2020-03-25,Tanzania,12,0,0,-6.369028,34.888822,12
2020-03-25,Togo,23,0,1,8.6195,0.8248,22
2020-03-25,Tunisia,173,5,2,33.886917,9.537499,166
2020-03-25,Uganda,14,0,0,1.373333,32.290275,14
2020-03-25,Zambia,12,0,0,-13.133897,27.849332,12
2020-03-25,Zimbabwe,3,1,0,-19.015438,29.154857,2
2020-03-26,Algeria,367,25,29,28.0339,1.6596,313
2020-03-26,Angola,4,0,0,-11.2027,17.8739,4
2020-03-26,Benin,6,0,0,9.3077,2.3158,6
2020-03-26,Burkina Faso,152,7,10,12.2383,-1.5616,135
2020-03-26,Cabo Verde,4,1,0,16.5388,-23.0418,3
2020-03-26,Cameroon,75,1,2,3.848,11.5021,72
2020-03-26,Central African Republic,3,0,0,6.6111,20.9394,3
2020-03-26,Chad,3,0,0,15.4542,18.7322,3
2020-03-26,Congo (Brazzaville),4,0,0,-4.2634,15.2832,4
2020-03-26,Congo (Kinshasa),51,3,0,-4.322447,15.307045,48
2020-03-26,Djibouti,11,0,0,11.8251,42.5903,11
2020-03-26,Egypt,495,24,102,26.820553000000004,30.802498,369
2020-03-26,Equatorial Guinea,12,0,0,1.6508,10.2679,12
2020-03-26,Eritrea,6,0,0,15.1794,39.7823,6
2020-03-26,Eswatini,6,0,0,-26.5225,31.4659,6
2020-03-26,Ethiopia,12,0,0,9.145,40.4897,12
2020-03-26,Gabon,7,1,0,-0.8037,11.6094,6
2020-03-26,Gambia,3,1,0,13.4432,-15.3101,2
2020-03-26,Ghana,132,4,1,7.9465,-1.0232,127
2020-03-26,Guinea,4,0,0,9.9456,-9.6966,4
2020-03-26,Guinea-Bissau,2,0,0,11.8037,-15.1804,2
2020-03-26,Kenya,31,1,1,-0.0236,37.9062,29
2020-03-26,Liberia,3,0,0,6.4280550000000005,-9.429499,3
2020-03-26,Libya,1,0,0,26.3351,17.228331,1
2020-03-26,Madagascar,23,0,0,-18.766947,46.869107,23
2020-03-26,Mali,4,0,0,17.570692,-3.996166000000001,4
2020-03-26,Mauritania,3,0,0,21.0079,-10.9408,3
2020-03-26,Mauritius,81,2,0,-20.348404,57.552152,79
2020-03-26,Morocco,275,11,8,31.7917,-7.0926,256
2020-03-26,Mozambique,7,0,0,-18.665695,35.529562,7
2020-03-26,Namibia,8,0,2,-22.9576,18.4904,6
2020-03-26,Niger,10,1,0,17.607789,8.081666,9
2020-03-26,Nigeria,65,1,2,9.082,8.6753,62
2020-03-26,Rwanda,50,0,0,-1.9403,29.8739,50
2020-03-26,Senegal,105,0,9,14.4974,-14.4524,96
2020-03-26,Seychelles,7,0,0,-4.6796,55.492,7
2020-03-26,Somalia,2,0,0,5.152149,46.199616,2
2020-03-26,South Africa,927,0,12,-30.5595,22.9375,915
2020-03-26,Sudan,3,1,0,12.8628,30.2176,2
2020-03-26,Tanzania,13,0,0,-6.369028,34.888822,13
2020-03-26,Togo,23,0,1,8.6195,0.8248,22
2020-03-26,Tunisia,197,6,2,33.886917,9.537499,189
2020-03-26,Uganda,14,0,0,1.373333,32.290275,14
2020-03-26,Zambia,16,0,0,-13.133897,27.849332,16
2020-03-26,Zimbabwe,3,1,0,-19.015438,29.154857,2
2020-03-27,Algeria,409,26,29,28.0339,1.6596,354
2020-03-27,Angola,4,0,0,-11.2027,17.8739,4
2020-03-27,Benin,6,0,0,9.3077,2.3158,6
2020-03-27,Burkina Faso,180,9,12,12.2383,-1.5616,159
2020-03-27,Cabo Verde,5,1,0,16.5388,-23.0418,4
2020-03-27,Cameroon,91,2,2,3.848,11.5021,87
2020-03-27,Central African Republic,3,0,0,6.6111,20.9394,3
2020-03-27,Chad,3,0,0,15.4542,18.7322,3
2020-03-27,Congo (Brazzaville),4,0,0,-4.2634,15.2832,4
2020-03-27,Congo (Kinshasa),51,3,2,-4.322447,15.307045,46
2020-03-27,Djibouti,12,0,0,11.8251,42.5903,12
2020-03-27,Egypt,536,30,116,26.820553000000004,30.802498,390
2020-03-27,Equatorial Guinea,12,0,0,1.6508,10.2679,12
2020-03-27,Eritrea,6,0,0,15.1794,39.7823,6
2020-03-27,Eswatini,9,0,0,-26.5225,31.4659,9
2020-03-27,Ethiopia,16,0,0,9.145,40.4897,16
2020-03-27,Gabon,7,1,0,-0.8037,11.6094,6
2020-03-27,Gambia,3,1,0,13.4432,-15.3101,2
2020-03-27,Ghana,137,4,2,7.9465,-1.0232,131
2020-03-27,Guinea,8,0,0,9.9456,-9.6966,8
2020-03-27,Guinea-Bissau,2,0,0,11.8037,-15.1804,2
2020-03-27,Kenya,31,1,1,-0.0236,37.9062,29
2020-03-27,Liberia,3,0,0,6.4280550000000005,-9.429499,3
2020-03-27,Libya,1,0,0,26.3351,17.228331,1
2020-03-27,Madagascar,26,0,0,-18.766947,46.869107,26
2020-03-27,Mali,11,0,0,17.570692,-3.996166000000001,11
2020-03-27,Mauritania,3,0,0,21.0079,-10.9408,3
2020-03-27,Mauritius,94,2,0,-20.348404,57.552152,92
2020-03-27,Morocco,345,23,11,31.7917,-7.0926,311
2020-03-27,Mozambique,7,0,0,-18.665695,35.529562,7
2020-03-27,Namibia,8,0,2,-22.9576,18.4904,6
2020-03-27,Niger,10,1,0,17.607789,8.081666,9
2020-03-27,Nigeria,70,1,3,9.082,8.6753,66
2020-03-27,Rwanda,54,0,0,-1.9403,29.8739,54
2020-03-27,Senegal,119,0,11,14.4974,-14.4524,108
2020-03-27,Seychelles,7,0,0,-4.6796,55.492,7
2020-03-27,Somalia,3,0,0,5.152149,46.199616,3
2020-03-27,South Africa,1170,1,31,-30.5595,22.9375,1138
2020-03-27,Sudan,3,1,0,12.8628,30.2176,2
2020-03-27,Tanzania,13,0,1,-6.369028,34.888822,12
2020-03-27,Togo,25,1,1,8.6195,0.8248,23
2020-03-27,Tunisia,227,6,2,33.886917,9.537499,219
2020-03-27,Uganda,23,0,0,1.373333,32.290275,23
2020-03-27,Zambia,22,0,0,-13.133897,27.849332,22
2020-03-27,Zimbabwe,5,1,0,-19.015438,29.154857,4
2020-03-28,Algeria,454,29,31,28.0339,1.6596,394
2020-03-28,Angola,5,0,0,-11.2027,17.8739,5
2020-03-28,Benin,6,0,0,9.3077,2.3158,6
2020-03-28,Burkina Faso,207,11,21,12.2383,-1.5616,175
2020-03-28,Cabo Verde,5,1,0,16.5388,-23.0418,4
2020-03-28,Cameroon,91,2,2,3.848,11.5021,87
2020-03-28,Central African Republic,3,0,0,6.6111,20.9394,3
2020-03-28,Chad,3,0,0,15.4542,18.7322,3
2020-03-28,Congo (Brazzaville),4,0,0,-4.2634,15.2832,4
2020-03-28,Congo (Kinshasa),65,6,2,-4.322447,15.307045,57
2020-03-28,Djibouti,14,0,0,11.8251,42.5903,14
2020-03-28,Egypt,576,36,121,26.820553000000004,30.802498,419
2020-03-28,Equatorial Guinea,12,0,0,1.6508,10.2679,12
2020-03-28,Eritrea,6,0,0,15.1794,39.7823,6
2020-03-28,Eswatini,9,0,0,-26.5225,31.4659,9
2020-03-28,Ethiopia,16,0,1,9.145,40.4897,15
2020-03-28,Gabon,7,1,0,-0.8037,11.6094,6
2020-03-28,Gambia,3,1,0,13.4432,-15.3101,2
2020-03-28,Ghana,141,5,2,7.9465,-1.0232,134
2020-03-28,Guinea,8,0,0,9.9456,-9.6966,8
2020-03-28,Guinea-Bissau,2,0,0,11.8037,-15.1804,2
2020-03-28,Kenya,38,1,1,-0.0236,37.9062,36
2020-03-28,Liberia,3,0,0,6.4280550000000005,-9.429499,3
2020-03-28,Libya,3,0,0,26.3351,17.228331,3
2020-03-28,Madagascar,26,0,0,-18.766947,46.869107,26
2020-03-28,Mali,18,0,0,17.570692,-3.996166000000001,18
2020-03-28,Mauritania,5,0,0,21.0079,-10.9408,5
2020-03-28,Mauritius,102,2,0,-20.348404,57.552152,100
2020-03-28,Morocco,402,25,11,31.7917,-7.0926,366
2020-03-28,Mozambique,8,0,0,-18.665695,35.529562,8
2020-03-28,Namibia,8,0,2,-22.9576,18.4904,6
2020-03-28,Niger,10,1,0,17.607789,8.081666,9
2020-03-28,Nigeria,89,1,3,9.082,8.6753,85
2020-03-28,Rwanda,60,0,0,-1.9403,29.8739,60
2020-03-28,Senegal,130,0,18,14.4974,-14.4524,112
2020-03-28,Seychelles,8,0,0,-4.6796,55.492,8
2020-03-28,Somalia,3,0,0,5.152149,46.199616,3
2020-03-28,South Africa,1187,1,31,-30.5595,22.9375,1155
2020-03-28,Sudan,5,1,0,12.8628,30.2176,4
2020-03-28,Tanzania,14,0,1,-6.369028,34.888822,13
2020-03-28,Togo,25,1,1,8.6195,0.8248,23
2020-03-28,Tunisia,278,8,2,33.886917,9.537499,268
2020-03-28,Uganda,30,0,0,1.373333,32.290275,30
2020-03-28,Zambia,28,0,0,-13.133897,27.849332,28
2020-03-28,Zimbabwe,7,1,0,-19.015438,29.154857,6
2020-03-29,Algeria,511,31,31,28.0339,1.6596,449
2020-03-29,Angola,7,2,0,-11.2027,17.8739,5
2020-03-29,Benin,6,0,0,9.3077,2.3158,6
2020-03-29,Burkina Faso,222,12,23,12.2383,-1.5616,187
2020-03-29,Cabo Verde,6,1,0,16.5388,-23.0418,5
2020-03-29,Cameroon,139,6,5,3.8480000000000003,11.5021,128
2020-03-29,Central African Republic,3,0,0,6.6111,20.9394,3
2020-03-29,Chad,3,0,0,15.4542,18.7322,3
2020-03-29,Congo (Brazzaville),19,0,0,-4.2634,15.2832,19
2020-03-29,Congo (Kinshasa),65,6,2,-4.322447,15.307045,57
2020-03-29,Djibouti,18,0,0,11.8251,42.5903,18
2020-03-29,Egypt,609,40,132,26.820553000000004,30.802497999999996,437
2020-03-29,Equatorial Guinea,12,0,0,1.6508,10.2679,12
2020-03-29,Eritrea,12,0,0,15.1794,39.7823,12
2020-03-29,Eswatini,9,0,0,-26.5225,31.4659,9
2020-03-29,Ethiopia,21,0,1,9.145,40.4897,20
2020-03-29,Gabon,7,1,0,-0.8037,11.6094,6
2020-03-29,Gambia,4,1,0,13.4432,-15.3101,3
2020-03-29,Ghana,152,5,2,7.9465,-1.0232,145
2020-03-29,Guinea,16,0,0,9.9456,-9.6966,16
2020-03-29,Guinea-Bissau,2,0,0,11.8037,-15.1804,2
2020-03-29,Kenya,42,1,1,-0.0236,37.9062,40
2020-03-29,Liberia,3,0,0,6.4280550000000005,-9.429499,3
2020-03-29,Libya,8,0,0,26.3351,17.228331,8
2020-03-29,Madagascar,39,0,0,-18.766947000000002,46.869107,39
2020-03-29,Mali,18,1,0,17.570692,-3.9961660000000006,17
2020-03-29,Mauritania,5,0,2,21.0079,-10.9408,3
2020-03-29,Mauritius,107,3,0,-20.348404000000002,57.552152,104
2020-03-29,Morocco,479,26,13,31.7917,-7.0926,440
2020-03-29,Mozambique,8,0,0,-18.665695,35.529562,8
2020-03-29,Namibia,11,0,2,-22.9576,18.4904,9
2020-03-29,Niger,18,1,0,17.607789,8.081666,17
2020-03-29,Nigeria,111,1,3,9.082,8.6753,107
2020-03-29,Rwanda,70,0,0,-1.9403,29.8739,70
2020-03-29,Senegal,142,0,27,14.4974,-14.4524,115
2020-03-29,Seychelles,8,0,0,-4.6796,55.492,8
2020-03-29,Somalia,3,0,0,5.152149,46.199616,3
2020-03-29,South Africa,1280,2,31,-30.5595,22.9375,1247
2020-03-29,Sudan,6,1,0,12.8628,30.2176,5
2020-03-29,Tanzania,14,0,1,-6.369028,34.888822,13
2020-03-29,Togo,25,1,1,8.6195,0.8248,23
2020-03-29,Tunisia,312,8,2,33.886917,9.537499,302
2020-03-29,Uganda,33,0,0,1.373333,32.290275,33
2020-03-29,Zambia,29,0,0,-13.133897,27.849332,29
2020-03-29,Zimbabwe,7,1,0,-19.015438,29.154857,6
2020-03-30,Algeria,584,35,37,28.0339,1.6596,512
2020-03-30,Angola,7,2,0,-11.2027,17.8739,5
2020-03-30,Benin,6,0,0,9.3077,2.3158,6
2020-03-30,Botswana,3,0,0,-22.3285,24.6849,3
2020-03-30,Burkina Faso,246,12,31,12.2383,-1.5616,203
2020-03-30,Cabo Verde,6,1,0,16.5388,-23.0418,5
2020-03-30,Cameroon,139,6,5,3.8480000000000003,11.5021,128
2020-03-30,Central African Republic,3,0,0,6.6111,20.9394,3
2020-03-30,Chad,5,0,0,15.4542,18.7322,5
2020-03-30,Congo (Brazzaville),19,0,0,-4.2634,15.2832,19
2020-03-30,Congo (Kinshasa),81,8,2,-4.322447,15.307045,71
2020-03-30,Djibouti,18,0,0,11.8251,42.5903,18
2020-03-30,Egypt,656,41,150,26.820553000000004,30.802497999999996,465
2020-03-30,Equatorial Guinea,12,0,0,1.6508,10.2679,12
2020-03-30,Eritrea,12,0,0,15.1794,39.7823,12
2020-03-30,Eswatini,9,0,0,-26.5225,31.4659,9
2020-03-30,Ethiopia,23,0,4,9.145,40.4897,19
2020-03-30,Gabon,7,1,0,-0.8037,11.6094,6
2020-03-30,Gambia,4,1,0,13.4432,-15.3101,3
2020-03-30,Ghana,152,5,2,7.9465,-1.0232,145
2020-03-30,Guinea,22,0,0,9.9456,-9.6966,22
2020-03-30,Guinea-Bissau,8,0,0,11.8037,-15.1804,8
2020-03-30,Kenya,50,1,1,-0.0236,37.9062,48
2020-03-30,Liberia,3,0,0,6.4280550000000005,-9.429499,3
2020-03-30,Libya,8,0,0,26.3351,17.228331,8
2020-03-30,Madagascar,43,0,0,-18.766947000000002,46.869107,43
2020-03-30,Mali,25,2,0,17.570692,-3.9961660000000006,23
2020-03-30,Mauritania,5,1,2,21.0079,-10.9408,2
2020-03-30,Mauritius,128,3,0,-20.348404000000002,57.552152,125
2020-03-30,Morocco,556,33,15,31.7917,-7.0926,508
2020-03-30,Mozambique,8,0,0,-18.665695,35.529562,8
2020-03-30,Namibia,11,0,2,-22.9576,18.4904,9
2020-03-30,Niger,27,3,0,17.607789,8.081666,24
2020-03-30,Nigeria,131,2,8,9.082,8.6753,121
2020-03-30,Rwanda,70,0,0,-1.9403,29.8739,70
2020-03-30,Senegal,162,0,27,14.4974,-14.4524,135
2020-03-30,Seychelles,8,0,0,-4.6796,55.492,8
2020-03-30,Somalia,3,0,0,5.152149,46.199616,3
2020-03-30,South Africa,1326,3,31,-30.5595,22.9375,1292
2020-03-30,Sudan,6,2,0,12.8628,30.2176,4
2020-03-30,Tanzania,19,0,1,-6.369028,34.888822,18
2020-03-30,Togo,30,1,1,8.6195,0.8248,28
2020-03-30,Tunisia,312,8,3,33.886917,9.537499,301
2020-03-30,Uganda,33,0,0,1.373333,32.290275,33
2020-03-30,Zambia,35,0,0,-13.133897,27.849332,35
2020-03-30,Zimbabwe,7,1,0,-19.015438,29.154857,6
2020-03-31,Algeria,716,44,46,28.0339,1.6596,626
2020-03-31,Angola,7,2,1,-11.2027,17.8739,4
2020-03-31,Benin,9,0,1,9.3077,2.3158,8
2020-03-31,Botswana,4,1,0,-22.3285,24.6849,3
2020-03-31,Burkina Faso,261,14,32,12.2383,-1.5616,215
2020-03-31,Burundi,2,0,0,-3.3731,29.9189,2
2020-03-31,Cabo Verde,6,1,0,16.5388,-23.0418,5
2020-03-31,Cameroon,193,6,5,3.848,11.5021,182
2020-03-31,Central African Republic,3,0,0,6.6111,20.9394,3
2020-03-31,Chad,7,0,0,15.4542,18.7322,7
2020-03-31,Congo (Brazzaville),19,0,0,-4.2634,15.2832,19
2020-03-31,Congo (Kinshasa),98,8,2,-4.322447,15.307045,88
2020-03-31,Djibouti,30,0,0,11.8251,42.5903,30
2020-03-31,Egypt,710,46,157,26.820553000000004,30.802498,507
2020-03-31,Equatorial Guinea,12,0,1,1.6508,10.2679,11
2020-03-31,Eritrea,15,0,0,15.1794,39.7823,15
2020-03-31,Eswatini,9,0,0,-26.5225,31.4659,9
2020-03-31,Ethiopia,26,0,2,9.145,40.4897,24
2020-03-31,Gabon,16,1,0,-0.8037,11.6094,15
2020-03-31,Gambia,4,1,0,13.4432,-15.3101,3
2020-03-31,Ghana,161,5,31,7.9465,-1.0232,125
2020-03-31,Guinea,22,0,0,9.9456,-9.6966,22
2020-03-31,Guinea-Bissau,8,0,0,11.8037,-15.1804,8
2020-03-31,Kenya,59,1,1,-0.0236,37.9062,57
2020-03-31,Liberia,3,0,0,6.4280550000000005,-9.429499,3
2020-03-31,Libya,10,0,1,26.3351,17.228331,9
2020-03-31,Madagascar,57,0,0,-18.766947,46.869107,57
2020-03-31,Mali,28,2,0,17.570692,-3.996166000000001,26
2020-03-31,Mauritania,6,1,2,21.0079,-10.9408,3
2020-03-31,Mauritius,143,5,0,-20.348404,57.552152,138
2020-03-31,Morocco,617,36,24,31.7917,-7.0926,557
2020-03-31,Mozambique,8,0,0,-18.665695,35.529562,8
2020-03-31,Namibia,11,0,2,-22.9576,18.4904,9
2020-03-31,Niger,27,3,0,17.607789,8.081666,24
2020-03-31,Nigeria,135,2,8,9.082,8.6753,125
2020-03-31,Rwanda,75,0,0,-1.9403,29.8739,75
2020-03-31,Senegal,175,0,40,14.4974,-14.4524,135
2020-03-31,Seychelles,10,0,0,-4.6796,55.492,10
2020-03-31,Sierra Leone,1,0,0,8.460555000000001,-11.779889,1
2020-03-31,Somalia,5,0,1,5.152149,46.199616,4
2020-03-31,South Africa,1353,5,31,-30.5595,22.9375,1317
2020-03-31,Sudan,7,2,1,12.8628,30.2176,4
2020-03-31,Tanzania,19,1,1,-6.369028,34.888822,17
2020-03-31,Togo,34,1,10,8.6195,0.8248,23
2020-03-31,Tunisia,394,10,3,33.886917,9.537499,381
2020-03-31,Uganda,44,0,0,1.373333,32.290275,44
2020-03-31,Zambia,35,0,0,-13.133897,27.849332,35
2020-03-31,Zimbabwe,8,1,0,-19.015438,29.154857,7
2020-04-01,Algeria,847,58,61,28.0339,1.6596,728
2020-04-01,Angola,8,2,1,-11.2027,17.8739,5
2020-04-01,Benin,13,0,1,9.3077,2.3158,12
2020-04-01,Botswana,4,1,0,-22.3285,24.6849,3
2020-04-01,Burkina Faso,282,16,46,12.2383,-1.5616,220
2020-04-01,Burundi,2,0,0,-3.3731,29.9189,2
2020-04-01,Cabo Verde,6,1,0,16.5388,-23.0418,5
2020-04-01,Cameroon,233,6,10,3.848,11.5021,217
2020-04-01,Central African Republic,3,0,0,6.6111,20.9394,3
2020-04-01,Chad,7,0,0,15.4542,18.7322,7
2020-04-01,Congo (Brazzaville),19,0,0,-4.2634,15.2832,19
2020-04-01,Congo (Kinshasa),109,9,3,-4.322447,15.307045,97
2020-04-01,Djibouti,33,0,0,11.8251,42.5903,33
2020-04-01,Egypt,779,52,179,26.820553000000004,30.802498,548
2020-04-01,Equatorial Guinea,15,0,1,1.6508,10.2679,14
2020-04-01,Eritrea,15,0,0,15.1794,39.7823,15
2020-04-01,Eswatini,9,0,0,-26.5225,31.4659,9
2020-04-01,Ethiopia,29,0,2,9.145,40.4897,27
2020-04-01,Gabon,18,1,0,-0.8037,11.6094,17
2020-04-01,Gambia,4,1,2,13.4432,-15.3101,1
2020-04-01,Ghana,195,5,31,7.9465,-1.0232,159
2020-04-01,Guinea,30,0,0,9.9456,-9.6966,30
2020-04-01,Guinea-Bissau,9,0,0,11.8037,-15.1804,9
2020-04-01,Kenya,81,1,3,-0.0236,37.9062,77
2020-04-01,Liberia,6,0,0,6.4280550000000005,-9.429499,6
2020-04-01,Libya,10,0,0,26.3351,17.228331,10
2020-04-01,Madagascar,57,0,0,-18.766947,46.869107,57
2020-04-01,Mali,31,3,0,17.570692,-3.996166000000001,28
2020-04-01,Mauritania,6,1,2,21.0079,-10.9408,3
2020-04-01,Mauritius,161,6,0,-20.348404,57.552152,155
2020-04-01,Morocco,654,39,29,31.7917,-7.0926,586
2020-04-01,Mozambique,10,0,0,-18.665695,35.529562,10
2020-04-01,Namibia,14,0,2,-22.9576,18.4904,12
2020-04-01,Niger,74,5,0,17.607789,8.081666,69
2020-04-01,Nigeria,174,2,9,9.082,8.6753,163
2020-04-01,Rwanda,82,0,0,-1.9403,29.8739,82
2020-04-01,Senegal,190,1,45,14.4974,-14.4524,144
2020-04-01,Seychelles,10,0,0,-4.6796,55.492,10
2020-04-01,Sierra Leone,2,0,0,8.460555000000001,-11.779889,2
2020-04-01,Somalia,5,0,1,5.152149,46.199616,4
2020-04-01,South Africa,1380,5,50,-30.5595,22.9375,1325
2020-04-01,Sudan,7,2,2,12.8628,30.2176,3
2020-04-01,Tanzania,20,1,1,-6.369028,34.888822,18
2020-04-01,Togo,36,2,10,8.6195,0.8248,24
2020-04-01,Tunisia,423,12,5,33.886917,9.537499,406
2020-04-01,Uganda,44,0,0,1.373333,32.290275,44
2020-04-01,Zambia,36,0,0,-13.133897,27.849332,36
2020-04-01,Zimbabwe,8,1,0,-19.015438,29.154857,7
2020-04-02,Algeria,986,86,61,28.0339,1.6596,839
2020-04-02,Angola,8,2,1,-11.2027,17.8739,5
2020-04-02,Benin,13,0,1,9.3077,2.3158,12
2020-04-02,Botswana,4,1,0,-22.3285,24.6849,3
2020-04-02,Burkina Faso,288,16,50,12.2383,-1.5616,222
2020-04-02,Burundi,3,0,0,-3.3731,29.9189,3
2020-04-02,Cabo Verde,6,1,0,16.5388,-23.0418,5
2020-04-02,Cameroon,306,7,10,3.848,11.5021,289
2020-04-02,Central African Republic,3,0,0,6.6111,20.9394,3
2020-04-02,Chad,8,0,0,15.4542,18.7322,8
2020-04-02,Congo (Brazzaville),22,2,2,-4.2634,15.2832,18
2020-04-02,Congo (Kinshasa),134,13,3,-4.322447,15.307045,118
2020-04-02,Djibouti,40,0,0,11.8251,42.5903,40
2020-04-02,Egypt,865,58,201,26.820553000000004,30.802498,606
2020-04-02,Equatorial Guinea,15,0,1,1.6508,10.2679,14
2020-04-02,Eritrea,22,0,0,15.1794,39.7823,22
2020-04-02,Eswatini,9,0,0,-26.5225,31.4659,9
2020-04-02,Ethiopia,29,0,3,9.145,40.4897,26
2020-04-02,Gabon,21,1,0,-0.8037,11.6094,20
2020-04-02,Gambia,4,1,2,13.4432,-15.3101,1
2020-04-02,Ghana,204,5,31,7.9465,-1.0232,168
2020-04-02,Guinea,52,0,0,9.9456,-9.6966,52
2020-04-02,Guinea-Bissau,9,0,0,11.8037,-15.1804,9
2020-04-02,Kenya,110,3,4,-0.0236,37.9062,103
2020-04-02,Liberia,6,0,0,6.4280550000000005,-9.429499,6
2020-04-02,Libya,11,1,0,26.3351,17.228331,10
2020-04-02,Madagascar,59,0,0,-18.766947,46.869107,59
2020-04-02,Malawi,3,0,0,-13.254307999999998,34.301525,3
2020-04-02,Mali,36,3,0,17.570692,-3.996166000000001,33
2020-04-02,Mauritania,6,1,2,21.0079,-10.9408,3
2020-04-02,Mauritius,169,7,0,-20.348404,57.552152,162
2020-04-02,Morocco,708,44,31,31.7917,-7.0926,633
2020-04-02,Mozambique,10,0,0,-18.665695,35.529562,10
2020-04-02,Namibia,14,0,3,-22.9576,18.4904,11
2020-04-02,Niger,98,5,0,17.607789,8.081666,93
2020-04-02,Nigeria,184,2,20,9.082,8.6753,162
2020-04-02,Rwanda,84,0,0,-1.9403,29.8739,84
2020-04-02,Senegal,195,1,55,14.4974,-14.4524,139
2020-04-02,Seychelles,10,0,0,-4.6796,55.492,10
2020-04-02,Sierra Leone,2,0,0,8.460555000000001,-11.779889,2
2020-04-02,Somalia,5,0,1,5.152149,46.199616,4
2020-04-02,South Africa,1462,5,50,-30.5595,22.9375,1407
2020-04-02,Sudan,8,2,2,12.8628,30.2176,4
2020-04-02,Tanzania,20,1,2,-6.369028,34.888822,17
2020-04-02,Togo,39,2,17,8.6195,0.8248,20
2020-04-02,Tunisia,455,14,5,33.886917,9.537499,436
2020-04-02,Uganda,45,0,0,1.373333,32.290275,45
2020-04-02,Zambia,39,1,0,-13.133897,27.849332,38
2020-04-02,Zimbabwe,9,1,0,-19.015438,29.154857,8
2020-04-03,Algeria,1171,105,62,28.0339,1.6596,1004
2020-04-03,Angola,8,2,1,-11.2027,17.8739,5
2020-04-03,Benin,16,0,2,9.3077,2.3158,14
2020-04-03,Botswana,4,1,0,-22.3285,24.6849,3
2020-04-03,Burkina Faso,302,16,50,12.2383,-1.5616,236
2020-04-03,Burundi,3,0,0,-3.3731,29.9189,3
2020-04-03,Cabo Verde,6,1,0,16.5388,-23.0418,5
2020-04-03,Cameroon,509,8,17,3.848,11.5021,484
2020-04-03,Central African Republic,8,0,0,6.6111,20.9394,8
2020-04-03,Chad,8,0,0,15.4542,18.7322,8
2020-04-03,Congo (Brazzaville),22,2,2,-4.2634,15.2832,18
2020-04-03,Congo (Kinshasa),134,13,3,-4.322447,15.307045,118
2020-04-03,Djibouti,49,0,8,11.8251,42.5903,41
2020-04-03,Egypt,985,66,216,26.820553000000004,30.802498,703
2020-04-03,Equatorial Guinea,16,0,1,1.6508,10.2679,15
2020-04-03,Eritrea,22,0,0,15.1794,39.7823,22
2020-04-03,Eswatini,9,0,0,-26.5225,31.4659,9
2020-04-03,Ethiopia,35,0,3,9.145,40.4897,32
2020-04-03,Gabon,21,1,1,-0.8037,11.6094,19
2020-04-03,Gambia,4,1,2,13.4432,-15.3101,1
2020-04-03,Ghana,205,5,31,7.9465,-1.0232,169
2020-04-03,Guinea,73,0,2,9.9456,-9.6966,71
2020-04-03,Guinea-Bissau,15,0,0,11.8037,-15.1804,15
2020-04-03,Kenya,122,4,4,-0.0236,37.9062,114
2020-04-03,Liberia,7,0,0,6.4280550000000005,-9.429499,7
2020-04-03,Libya,11,1,0,26.3351,17.228331,10
2020-04-03,Madagascar,70,0,0,-18.766947,46.869107,70
2020-04-03,Malawi,3,0,0,-13.254307999999998,34.301525,3
2020-04-03,Mali,39,3,0,17.570692,-3.996166000000001,36
2020-04-03,Mauritania,6,1,2,21.0079,-10.9408,3
2020-04-03,Mauritius,186,7,0,-20.348404,57.552152,179
2020-04-03,Morocco,791,48,57,31.7917,-7.0926,686
2020-04-03,Mozambique,10,0,0,-18.665695,35.529562,10
2020-04-03,Namibia,14,0,3,-22.9576,18.4904,11
2020-04-03,Niger,120,5,0,17.607789,8.081666,115
2020-04-03,Nigeria,210,4,25,9.082,8.6753,181
2020-04-03,Rwanda,89,0,0,-1.9403,29.8739,89
2020-04-03,Senegal,207,1,66,14.4974,-14.4524,140
2020-04-03,Seychelles,10,0,0,-4.6796,55.492,10
2020-04-03,Sierra Leone,2,0,0,8.460555000000001,-11.779889,2
2020-04-03,Somalia,7,0,1,5.152149,46.199616,6
2020-04-03,South Africa,1505,9,95,-30.5595,22.9375,1401
2020-04-03,Sudan,10,2,2,12.8628,30.2176,6
2020-04-03,Tanzania,20,1,3,-6.369028,34.888822,16
2020-04-03,Togo,40,3,17,8.6195,0.8248,20
2020-04-03,Tunisia,495,18,5,33.886917,9.537499,472
2020-04-03,Uganda,48,0,0,1.373333,32.290275,48
2020-04-03,Zambia,39,1,2,-13.133897,27.849332,36
2020-04-03,Zimbabwe,9,1,0,-19.015438,29.154857,8
2020-04-04,Algeria,1251,130,90,28.0339,1.6596,1031
2020-04-04,Angola,10,2,2,-11.2027,17.8739,6
2020-04-04,Benin,16,0,2,9.3077,2.3158,14
2020-04-04,Botswana,4,1,0,-22.3285,24.6849,3
2020-04-04,Burkina Faso,318,16,66,12.2383,-1.5616,236
2020-04-04,Burundi,3,0,0,-3.3731,29.9189,3
2020-04-04,Cabo Verde,7,1,0,16.5388,-23.0418,6
2020-04-04,Cameroon,555,9,17,3.848,11.5021,529
2020-04-04,Central African Republic,8,0,0,6.6111,20.9394,8
2020-04-04,Chad,9,0,0,15.4542,18.7322,9
2020-04-04,Congo (Brazzaville),22,2,2,-4.2634,15.2832,18
2020-04-04,Congo (Kinshasa),154,18,3,-4.322447,15.307045,133
2020-04-04,Djibouti,50,0,8,11.8251,42.5903,42
2020-04-04,Egypt,1070,71,241,26.820553000000004,30.802498,758
2020-04-04,Equatorial Guinea,16,0,1,1.6508,10.2679,15
2020-04-04,Eritrea,29,0,0,15.1794,39.7823,29
2020-04-04,Eswatini,9,0,0,-26.5225,31.4659,9
2020-04-04,Ethiopia,38,0,4,9.145,40.4897,34
2020-04-04,Gabon,21,1,1,-0.8037,11.6094,19
2020-04-04,Gambia,4,1,2,13.4432,-15.3101,1
2020-04-04,Ghana,205,5,31,7.9465,-1.0232,169
2020-04-04,Guinea,111,0,5,9.9456,-9.6966,106
2020-04-04,Guinea-Bissau,18,0,0,11.8037,-15.1804,18
2020-04-04,Kenya,126,4,4,-0.0236,37.9062,118
2020-04-04,Liberia,10,1,3,6.4280550000000005,-9.429499,6
2020-04-04,Libya,18,1,0,26.3351,17.228331,17
2020-04-04,Madagascar,70,0,0,-18.766947,46.869107,70
2020-04-04,Malawi,4,0,0,-13.254307999999998,34.301525,4
2020-04-04,Mali,41,3,1,17.570692,-3.996166000000001,37
2020-04-04,Mauritania,6,1,2,21.0079,-10.9408,3
2020-04-04,Mauritius,196,7,7,-20.348404,57.552152,182
2020-04-04,Morocco,919,59,66,31.7917,-7.0926,794
2020-04-04,Mozambique,10,0,1,-18.665695,35.529562,9
2020-04-04,Namibia,14,0,3,-22.9576,18.4904,11
2020-04-04,Niger,144,8,0,17.607789,8.081666,136
2020-04-04,Nigeria,214,4,25,9.082,8.6753,185
2020-04-04,Rwanda,102,0,0,-1.9403,29.8739,102
2020-04-04,Senegal,219,2,72,14.4974,-14.4524,145
2020-04-04,Seychelles,10,0,0,-4.6796,55.492,10
2020-04-04,Sierra Leone,4,0,0,8.460555000000001,-11.779889,4
2020-04-04,Somalia,7,0,1,5.152149,46.199616,6
2020-04-04,South Africa,1585,9,95,-30.5595,22.9375,1481
2020-04-04,Sudan,10,2,2,12.8628,30.2176,6
2020-04-04,Tanzania,20,1,3,-6.369028,34.888822,16
2020-04-04,Togo,41,3,17,8.6195,0.8248,21
2020-04-04,Tunisia,553,18,5,33.886917,9.537499,530
2020-04-04,Uganda,48,0,0,1.373333,32.290275,48
2020-04-04,Zambia,39,1,2,-13.133897,27.849332,36
2020-04-04,Zimbabwe,9,1,0,-19.015438,29.154857,8
2020-04-05,Algeria,1320,152,90,28.0339,1.6596,1078
2020-04-05,Angola,14,2,2,-11.2027,17.8739,10
2020-04-05,Benin,22,0,5,9.3077,2.3158,17
2020-04-05,Botswana,6,1,0,-22.3285,24.6849,5
2020-04-05,Burkina Faso,345,17,90,12.2383,-1.5616,238
2020-04-05,Burundi,3,0,0,-3.3731,29.9189,3
2020-04-05,Cabo Verde,7,1,0,16.5388,-23.0418,6
2020-04-05,Cameroon,650,9,17,3.848,11.5021,624
2020-04-05,Central African Republic,8,0,0,6.6111,20.9394,8
2020-04-05,Chad,9,0,0,15.4542,18.7322,9
2020-04-05,Congo (Brazzaville),45,5,2,-4.2634,15.2832,38
2020-04-05,Congo (Kinshasa),154,18,3,-4.322447,15.307045,133
2020-04-05,Djibouti,59,0,9,11.8251,42.5903,50
2020-04-05,Egypt,1173,78,247,26.820553000000004,30.802498,848
2020-04-05,Equatorial Guinea,16,0,1,1.6508,10.2679,15
2020-04-05,Eritrea,29,0,0,15.1794,39.7823,29
2020-04-05,Eswatini,9,0,0,-26.5225,31.4659,9
2020-04-05,Ethiopia,43,2,4,9.145,40.4897,37
2020-04-05,Gabon,21,1,1,-0.8037,11.6094,19
2020-04-05,Gambia,4,1,2,13.4432,-15.3101,1
2020-04-05,Ghana,214,5,31,7.9465,-1.0232,178
2020-04-05,Guinea,121,0,5,9.9456,-9.6966,116
2020-04-05,Guinea-Bissau,18,0,0,11.8037,-15.1804,18
2020-04-05,Kenya,142,4,4,-0.0236,37.9062,134
2020-04-05,Liberia,13,3,3,6.4280550000000005,-9.429499,7
2020-04-05,Libya,18,1,0,26.3351,17.228331,17
2020-04-05,Madagascar,72,0,2,-18.766947,46.869107,70
2020-04-05,Malawi,4,0,0,-13.254307999999998,34.301525,4
2020-04-05,Mali,45,5,1,17.570692,-3.996166000000001,39
2020-04-05,Mauritania,6,1,2,21.0079,-10.9408,3
2020-04-05,Mauritius,227,7,7,-20.348404,57.552152,213
2020-04-05,Morocco,1021,70,76,31.7917,-7.0926,875
2020-04-05,Mozambique,10,0,1,-18.665695,35.529562,9
2020-04-05,Namibia,16,0,3,-22.9576,18.4904,13
2020-04-05,Niger,184,10,13,17.607789,8.081666,161
2020-04-05,Nigeria,232,5,33,9.082,8.6753,194
2020-04-05,Rwanda,104,0,4,-1.9403,29.8739,100
2020-04-05,Senegal,222,2,82,14.4974,-14.4524,138
2020-04-05,Seychelles,10,0,0,-4.6796,55.492,10
2020-04-05,Sierra Leone,6,0,0,8.460555000000001,-11.779889,6
2020-04-05,Somalia,7,0,1,5.152149,46.199616,6
2020-04-05,South Africa,1655,11,95,-30.5595,22.9375,1549
2020-04-05,South Sudan,1,0,0,6.877000000000002,31.307,1
2020-04-05,Sudan,12,2,2,12.8628,30.2176,8
2020-04-05,Tanzania,22,1,3,-6.369028,34.888822,18
2020-04-05,Togo,44,3,20,8.6195,0.8248,21
2020-04-05,Tunisia,574,22,5,33.886917,9.537499,547
2020-04-05,Uganda,52,0,0,1.373333,32.290275,52
2020-04-05,Zambia,39,1,3,-13.133897,27.849332,35
2020-04-05,Zimbabwe,9,1,0,-19.015438,29.154857,8
2020-04-06,Algeria,1423,173,90,28.0339,1.6596,1160
2020-04-06,Angola,16,2,2,-11.2027,17.8739,12
2020-04-06,Benin,26,1,5,9.3077,2.3158,20
2020-04-06,Botswana,6,1,0,-22.3285,24.6849,5
2020-04-06,Burkina Faso,364,18,108,12.2383,-1.5616,238
2020-04-06,Burundi,3,0,0,-3.3731,29.9189,3
2020-04-06,Cabo Verde,7,1,1,16.5388,-23.0418,5
2020-04-06,Cameroon,658,9,17,3.8480000000000003,11.5021,632
2020-04-06,Central African Republic,8,0,0,6.6111,20.9394,8
2020-04-06,Chad,9,0,0,15.4542,18.7322,9
2020-04-06,Congo (Brazzaville),45,5,2,-4.2634,15.2832,38
2020-04-06,Congo (Kinshasa),161,18,5,-4.322447,15.307045,138
2020-04-06,Djibouti,90,0,9,11.8251,42.5903,81
2020-04-06,Egypt,1322,85,259,26.820553000000004,30.802497999999996,978
2020-04-06,Equatorial Guinea,16,0,3,1.6508,10.2679,13
2020-04-06,Eritrea,31,0,0,15.1794,39.7823,31
2020-04-06,Eswatini,10,0,4,-26.5225,31.4659,6
2020-04-06,Ethiopia,44,2,4,9.145,40.4897,38
2020-04-06,Gabon,24,1,1,-0.8037,11.6094,22
2020-04-06,Gambia,4,1,2,13.4432,-15.3101,1
2020-04-06,Ghana,214,5,31,7.9465,-1.0232,178
2020-04-06,Guinea,128,0,5,9.9456,-9.6966,123
2020-04-06,Guinea-Bissau,18,0,0,11.8037,-15.1804,18
2020-04-06,Kenya,158,6,4,-0.0236,37.9062,148
2020-04-06,Liberia,14,3,3,6.4280550000000005,-9.429499,8
2020-04-06,Libya,19,1,1,26.3351,17.228331,17
2020-04-06,Madagascar,82,0,2,-18.766947000000002,46.869107,80
2020-04-06,Malawi,5,0,0,-13.254307999999998,34.301525,5
2020-04-06,Mali,47,5,9,17.570692,-3.9961660000000006,33
2020-04-06,Mauritania,6,1,2,21.0079,-10.9408,3
2020-04-06,Mauritius,244,7,7,-20.348404000000002,57.552152,230
2020-04-06,Morocco,1120,80,81,31.7917,-7.0926,959
2020-04-06,Mozambique,10,0,1,-18.665695,35.529562,9
2020-04-06,Namibia,16,0,3,-22.9576,18.4904,13
2020-04-06,Niger,253,10,26,17.607789,8.081666,217
2020-04-06,Nigeria,238,5,35,9.082,8.6753,198
2020-04-06,Rwanda,105,0,4,-1.9403,29.8739,101
2020-04-06,Sao Tome and Principe,4,0,0,0.18636,6.613081,4
2020-04-06,Senegal,226,2,92,14.4974,-14.4524,132
2020-04-06,Seychelles,11,0,0,-4.6796,55.492,11
2020-04-06,Sierra Leone,6,0,0,8.460555000000001,-11.779889,6
2020-04-06,Somalia,7,0,1,5.152149,46.199616,6
2020-04-06,South Africa,1686,12,95,-30.5595,22.9375,1579
2020-04-06,South Sudan,1,0,0,6.877000000000001,31.307,1
2020-04-06,Sudan,12,2,2,12.8628,30.2176,8
2020-04-06,Tanzania,24,1,3,-6.369028,34.888822,20
2020-04-06,Togo,58,3,23,8.6195,0.8248,32
2020-04-06,Tunisia,596,22,5,33.886917,9.537499,569
2020-04-06,Uganda,52,0,0,1.373333,32.290275,52
2020-04-06,Zambia,39,1,5,-13.133897,27.849332,33
2020-04-06,Zimbabwe,10,1,0,-19.015438,29.154857,9
